-- phpMyAdmin SQL Dump
-- version 5.2.1
-- https://www.phpmyadmin.net/
--
-- Host: db
-- Generation Time: Mar 25, 2024 at 01:43 PM
-- Server version: 8.3.0
-- PHP Version: 8.2.8

SET SQL_MODE = "NO_AUTO_VALUE_ON_ZERO";
START TRANSACTION;
SET time_zone = "+00:00";


/*!40101 SET @OLD_CHARACTER_SET_CLIENT=@@CHARACTER_SET_CLIENT */;
/*!40101 SET @OLD_CHARACTER_SET_RESULTS=@@CHARACTER_SET_RESULTS */;
/*!40101 SET @OLD_COLLATION_CONNECTION=@@COLLATION_CONNECTION */;
/*!40101 SET NAMES utf8mb4 */;

--
-- Database: `FurryFriendFinder`
--

-- --------------------------------------------------------

--
-- Table structure for table `appointment`
--

CREATE TABLE `appointment` (
  `appointment_id` int NOT NULL,
  `user_id` int NOT NULL,
  `trainer_id` int NOT NULL,
  `appointment_date` date NOT NULL,
  `appointment_time` time NOT NULL,
  `appointment_status` varchar(100) NOT NULL
) ENGINE=InnoDB DEFAULT CHARSET=utf8mb4 COLLATE=utf8mb4_0900_ai_ci;

--
-- Dumping data for table `appointment`
--

INSERT INTO `appointment` (`appointment_id`, `user_id`, `trainer_id`, `appointment_date`, `appointment_time`, `appointment_status`) VALUES
(100001, 3, 1001, '2024-03-20', '14:19:15', 'Approved'),
(100002, 4, 1001, '2024-03-21', '04:19:15', 'Approved'),
(100003, 1, 1001, '2024-03-26', '04:19:15', 'Pending'),
(100004, 2, 1001, '2024-03-30', '04:19:15', 'Pending');

-- --------------------------------------------------------

--
-- Table structure for table `enquiry`
--

CREATE TABLE `enquiry` (
  `enquiry_id` int NOT NULL,
  `email` varchar(50) NOT NULL,
  `phone_number` varchar(100) NOT NULL,
  `subject` text NOT NULL,
  `message` text NOT NULL,
  `enquiry_status` varchar(100) NOT NULL,
  `user_id` int NOT NULL
) ENGINE=InnoDB DEFAULT CHARSET=utf8mb4 COLLATE=utf8mb4_0900_ai_ci;

--
-- Dumping data for table `enquiry`
--

INSERT INTO `enquiry` (`enquiry_id`, `email`, `phone_number`, `subject`, `message`, `enquiry_status`, `user_id`) VALUES
(700001, 'mani@gmail.com', '+00 1234567890', 'regarding offers', 'Is there any offer is going on now !', 'Pending', 1),
(700002, 'tulasi@gmail.com', '07990809462', 'Regarding your services', 'What services are you guys offering.', 'Pending', 1),
(700003, 'ram@gmail.com', '7993403447', 'trainning', 'what type of pets are you guys accept.', 'Pending', 1);

-- --------------------------------------------------------

--
-- Table structure for table `review`
--

CREATE TABLE `review` (
  `review_id` int NOT NULL,
  `user_id` int NOT NULL,
  `trainer_id` int NOT NULL,
  `rating` varchar(10) NOT NULL,
  `review_comment` text NOT NULL,
  `review_date` date NOT NULL
) ENGINE=InnoDB DEFAULT CHARSET=utf8mb4 COLLATE=utf8mb4_0900_ai_ci;

--
-- Dumping data for table `review`
--

INSERT INTO `review` (`review_id`, `user_id`, `trainer_id`, `rating`, `review_comment`, `review_date`) VALUES
(200001, 1, 1001, '5', 'Nice Work!!', '2024-03-19'),
(200002, 2, 1001, '4', 'good', '2024-03-20'),
(200003, 2, 1001, '4', 'Good Job!!', '2024-03-20');

-- --------------------------------------------------------

--
-- Table structure for table `trainer`
--

CREATE TABLE `trainer` (
  `trainer_id` int NOT NULL,
  `trainer_name` varchar(100) NOT NULL,
  `trainer_speciality` varchar(100) NOT NULL,
  `trainer_image` varchar(9999) CHARACTER SET utf8mb4 COLLATE utf8mb4_0900_ai_ci NOT NULL,
  `trainer_experience` int NOT NULL,
  `trainer_certificate` varchar(999) CHARACTER SET utf8mb4 COLLATE utf8mb4_0900_ai_ci NOT NULL,
  `trainer_description` text,
  `user_id` int DEFAULT NULL
) ENGINE=InnoDB DEFAULT CHARSET=utf8mb4 COLLATE=utf8mb4_0900_ai_ci;

--
-- Dumping data for table `trainer`
--

INSERT INTO `trainer` (`trainer_id`, `trainer_name`, `trainer_speciality`, `trainer_image`, `trainer_experience`, `trainer_certificate`, `trainer_description`, `user_id`) VALUES
(1000, 'Shang', 'handled all type of birds', 'data:image/jpeg;base64,/9j/4AAQSkZJRgABAQAAAQABAAD/2wCEAAkGBwgHBgkIBwgKCgkLDRYPDQwMDRsUFRAWIB0iIiAdHx8kKDQsJCYxJx8fLT0tMTU3Ojo6Iys/RD84QzQ5OjcBCgoKDQwNGg8PGjclHyU3Nzc3Nzc3Nzc3Nzc3Nzc3Nzc3Nzc3Nzc3Nzc3Nzc3Nzc3Nzc3Nzc3Nzc3Nzc3Nzc3N//AABEIAJQA6wMBIgACEQEDEQH/xAAcAAABBQEBAQAAAAAAAAAAAAAEAAIDBQYHAQj/xABHEAACAQMDAQUFBAcDCQkAAAABAgMABBEFEiExBhNBUWEHFCIycUKBkaEVI1KxwdHSc6LwFiQzU2KDk5ThFyVDREVVdMLx/8QAGQEAAgMBAAAAAAAAAAAAAAAAAAECAwQF/8QAIhEAAgMAAgIDAQEBAAAAAAAAAAECAxESIQQxE0FRImEU/9oADAMBAAIRAxEAPwCdUqZUr1FqZUrYZhqpUqx1IkdTLHQIhEdSLFRCx1KkVGgDrF6VIsPpRSxelSrF6UtHgGsPpTxDRoi9Kd3fpS0MAxD6Uu6AozZ6Uy4aOCJ5ZGCRopZnPAUDxo5BhX3ksFlayXV04igiXc7t0UVUWnajSLtgIJZSCMhjCw488Yz+VZ+ftPd9oby9tYYmj09ocQKV5mGfnP4cD0rMxrcx3jK/eRtG+AwPQistvkNPImurx01rOwxbJo1khZXRhkMpyDT+6FYHQNelsibhhuhZtl1EPDydR5+ddHiKTxrLCyvG4DKyngg1dVcrFpTbT8bwH7oV53Iovb6V7sqzSvAEw+lMMNWBT0phQUaLCvMNRPD6VZlBUbIKehhVtF6VE0fpVm0YqJ4qYFa0dRMlWDxVC0dMQCUqMrRjL6VEy0DBStM20QwpmKQBqJRCJXkaUVGlIZ4kdTpFT446IRKjoDEiqZY6kVKlVKWjSI1jqRUqULTwtGhhEEpbamxS20gwhK1jfaFcKIILWXM6zkd1p8Pz3cngHPhGOp8+OfA7WZX7tu72iQg7S2dufXFcx1544Ly8t7O8M+o7P+9NXk6W0X+rjA4UngYH/WoyZKEezM6fPJb6tO0lwlxOHxLJGMICOCq+g5A9BU2n32Um94yr7yAOuR/+igb8rBILWId07wKyw45t0PyBj4sV+I/Xzpvux2Mm75MDd/j76wz9m+Hrojh1MWWrsZSWhmPj5HqD+Va/s92hOh6n7lcuW02c5DY5jzzkenpXONZjdDEWJzjg+Y4q60x5NUthGVBeFQpLNjr0OaafF8kDXJcWd4XDKGBypGQR4ivcVjuymujTbCOx1TiCLKxXO7IA8FPjxnrWifX9HWNXGoQsrdMHJrbG2MlumKVcovMDiKYRVXcdp9HhgMpvEfnAVQSSfQVltW7dXchZdMtVjA+1J8Tfh0pSuhEI0ykbljjyppz1xgetcfn1bU5Zc3l2Hc85bJI+g6VPaa/rSHu9P1AMxPCSRgg+gBqleUm8wufitLUzqxFMZaxGl9vpVcQa5ZiI4/00GePqp/hWxs762v4+9tJ45VP7J/hWmNkZemZ5Vyj7R66VA8dGGoXFTIALx1A6Ue61A6UwAHWmbKLdKi20AWES0XElRRLRkS1DRj0SiEWmotTKKNDD1VqQCkBTwKQxAU4CvQK9GKBiApYpwFLHpS0Ae7hE9rLEJJY9ykb4zhh6qfA+tYy27MtcEf5ilnptoS9rYyEZuJvCWU8/nk1u8VW6/BfXOmTw6W8cdzKAgkkPCKfmP1A6UpLRxeHDu0TqL4wR3BuZVdu8uFXJnlJy5HjjPAHgAPWp9Ihmv/1dtBJNIwJUIpPArp+hdhtL0a8S8XfcXCRhUMuCFOOWA8zzWhgtoLaMRW8McSKMKEXAA8vpVHwtvWXfNx9HK09nOo6o1u146W0LKAwJ/WDrn4cfShdA0qHSLm4tmmSe6B2sY+VG3xB6V03tLNLa6FfTwsVkWIgMPDPGfzrksVwIAShYMo+YH7jWfyv4XFGnxf7bky1nleWd1dnEJwAmRhsngY8uvB8+aJu9Pd7MxwrK0ucHDnaT6npgetVhvRaWXvUkLu7NwW6ZwOf3V7DdSaksfdyR/Cc/Dx8WeB1rH3mmttbgBfy3ukgt3FtJIG298X3B8fXp+FVKXheUyXDKxPLgA5A8a1V3bTqWh1NtkqnMQd8oM+Of8GsjrtsFnkNrLGwd2yEOMZP76uryXsps2PobduIpzghgGOOeMcYqH3ncd4YgcHcPsnzqfSezGta1GXso4WQcHdIAQR5jrWm072V6jNCJLzUYLd2APdohfBzyD08K0xq1GeVuFY2rQXFmTckrcgYZSpIJHiD06VGNQaIo6bkZBlWibaR6jFbiz9l2nRwkXV/dytggMoVcjw4weaz2v9iL3R4TJDMlzAvKlRhgPVf5Gk63DtArYy6PLD2hXtqRHqMQu4x/4ikLIPL0P5Vs9D7SaZra5sbkGVQS0L/A6/dXHbiMYYY2sPXzoSyhmlugbVttxF8UYQ7XJH7PmfSrq7WvZVZUvo+ghgjIprJXNtA7e3Nmixa0vf24+AXcY+JD5Ov+PvreWOrx3sayW7LKjjIZDkGtKsTM7g0SyJUJWi/n5IxTCnNT0jgbEvpRca8UMJEiGXOKC1PVjBCxgUhgevhVcpJDUWy/ReKlUedZ3SdXeUd5cN8IGatRqSC0NzINo64PiKgrEybg0WAprzJGcOwBrN3HaZNwCcbulBTa0t2drE7l8aql5MV6JKps2UU6P0PSvXnjUAhs1iY9UkRsLKSDU/6WJkVt3A6geNQXlJkvhZrZr1IkU+B8aHj1Bu/AHKms7qOtpLbhUU5HhUej6mskgaUHAp/Om+g+J4bjeuM5pDDfLzVP+l4OFIwD41DJrEcfSb8qs+aJDg2XpXnFNKelV1jeyXI3D5fOrMOuME81NSUiLi0AarYi/wBPuLVsATRMmT4ZHFch0bQrl7nULa8t5oDApLb0IOAcfD4Gu2kKetVms2BkWW6F1JGqW8g7rjuyccMfHIx5+NU+RW5x0vosUH2cl7UrPpWhsio8NxcbbeYsTlEzu48s4xkVmba1v2vFgWKckLuwEIJ8c/THjXa7Gw057AzaqkcqLL+rVxu55JwPHrTT2m06e6msRZXRfBjEgiBBB4654HpWWCSr/p9mqTbn/KMHc9mNY1Sx90jaOW7iw4QzcqvgM9M81Ovszu5NNhZbiO3usHvoZPiXd+0pHTNdA7NWFtAJpIJxK/Eb4GOmOcevH4VeFQav8etOBnvtfPo5PpXs51dI5JZNQW0u42HcTROTlfEHGCD658a3OgWWtWUG3WLy2ugFPxrHtcHw56H8BWg2kLlRyKotWurhXMCpyw6561e0oeilycvYtV1EQRZhZWbxTNZnUNQidlzvDHrnkUDeXEwY4jJOf2s0KgkkLDY7c56dKyWWt9FkYpEOo6JY6pt3ApKDw8fGfQjxrMX3Y/UrC7d7eH3q1+bDHDj6f7XkfOtnYwTNNujyrA1LdtePLhZQGXrupQk17JNmEMHvLId4S4lUrFcOmFuMdY5l/a4/KnaFe3uhXrzWIZI0bF7p8jfIP21PiKu7+CO4SfvioMpBfb4kdG+vrVfKLh2imGDfW/CzY4kTyI8j++p/KkJo6pYXEV7aJLEeoBwfWpCnNYDTdWfTohFaoVXPC5+X0HpVovaG6wM4zV0fJjnZU6maHWIw+N7lFx4edU+bqfT+6jieTJO5sVYXXaC395ktlKMFHzeBqoOqyFHSKQxtnnb4isk/I5fRoVaX2RWsVwZIYJCY0c/F6Vfdob+FbeK0ibcUABxQtrrVmluElXvG/aI5Bqrurr3qYy7o08BUVZ/ODcVuj5EjniHwcrVRcs0MuIH58SegqzWUICzSDAB3YrBazrhu7po7cOIwxHw/ax4mo1xcmNs0ba9FZ7lLmV2Gdo8P5URomqzahM0csOEPQrnj76xtostw67tuDxgHJ/Cur+z+KE2clsYVVgATmLaWHnnJzUrFGCLqYc/YBCmRiRzj1qWJDG/zcGrDtLoLW8El3piElAWeEHggc5Hr6Vm4Z7u5hOY9pHr0qj12QlFxeMtHmlQ/Gcr4GvBMJyMnDDzNAxNKQyPuyp5od71i4RI+T400R+jYWd20CYWZePXpVraXkEvxPOc+hrBR7iMsCM+VHQq4x8ZUfWroXSj0RcE/Z0yzVSoIbI+tQ6hK+e4WLKMGLljwyhc4GeOuB99Z7RtTEBCSM7KPBeTVlcXMl2ys4CBeUTy+/wA6su8yEYf6Krx5OX+FXNa3Ml0J5ZyVbdiPb8mceXHh++ota1VNLEESQqZZWALEYWP1J/L60XfXSwQtJ5AnGcV7p2iibUk1i/fLrCBHCOBhvi+LzPArl01y8ies6Fk40xC+zFkYYXvXZUNxkuoTGTng0ZNqdvFLt3Dr50LearhtvdPsGdxHhWI1XWIzPIi/CoPBbrXYUlTBRj9HLntkuTNteaxGg2Bss3QqaoLu1vL1ndbplAJxg81lbfUppnDNuRQfrmriz1o27MyEHaM81W/IbfYcOuiIWd9Yy4kDSK3QkUQJZYCwETK2OTU8faR70kSouDwOKD1O7dZMIcD7RNFi5LkgTz2B+/XUcu4IQPMChbi+kaTLjr41JLqaKANjNk17LcQuQ5iAA8KzuT+yxIGKrNlkUChyi28q5JyfBulEjAz3WQp61FKiSrncSR60kxjZ7hQMhB+FCGUE5zT7gZT5elVrXQBI2VYmATI7QyFvsn4gc1MbktHuhY8dah2ySRnK5xRenwhkwyhR41ShJaCSySzxgIefPOKIsllJCSPvPlRf6MiIKk9TxijbOxigIYfMKs5dD4sEvrSf3SbqEKEMOtYCIvbHuo1Gc8PjmuuyHvYHjGAzKR+Vc4MKF/1oAdThh61ZTLoeBmkQPJtmkzvPRx1zW50bU00xC8zAMRgKPtDjwrJ2DqrIm4AEgetb/spBb3FiBdWx94jkYujAFgrfIfpiq7Xvs11bnQRLLqvaGylktglrZsjBM4ZpjjH3CqDRLW8tdHhm1KAxTAmJlfqSp6/Q1utNt3t5JUDKbfOVGfizVX2qhzAkuCVTIJz8vlVberAth12VQWIlmCA7vShbrS7d4+8iXu2HNCPNcNhLcKfLmjYe/e22ySKZCOKr7Rk9lPJdy2LYlj3D7OPGjdMMmqS7YyE82PQU17SRo+6nUlx09as9EaaFFtNRsBZXDAmBkPwSjy9H9KdksjqLqoa+y5tLBLKHdy0n2mNOknVPiJOa8eRu7DF2VwpyvnTysF1aBp8Bj9peOawPW9N6ioopbu9QTd5MwMYPy+ZpqdohPvJLgmQqSD1wPSq+8McqO7Ee7I2wHBGGz5+fA/KgpZbO0jKq+VJ3KB+FdKhOETneTLlMt7u7eU7Y58DxyarpkiVSZoy/kcZoKe5iaMPAMP8AsmrCxuDLbDvkHPXBpykykGhWPDBH2jyIpsVsCXYM2PpTr6ywBJbtxnnmn2jyw5LMp4wAKNHgZYQWFtEWuWO4njnGKguNcsFDwSENt+WTHX0rPXmpMLkxyDzxTYVtrmPG4GXyxWhWOMSDS0beavbvPm2Qkg9D0pe/s53MoJ8xUqaQpYujKo8aheONH2iRWwarbUiSJWv2WD51yDzkYoKaebO9ZFCmiLi1gkG4HP8As5qpv7dEQPGzL548KEloFhBqGRsk5YU490x3EdfSqmK5tk6tuOOam9+g8A1Nxf0Iu4ZMKQD1pRyOofxFDD5SBTrdm7wg9AKi1nZP0FwXEsh2JkH1oyN5o0YvztOaAlaZxuhQArU1qXlVwzEMvXNRcug1llb6gl0UWHgnr5g1R9qdKkJN5HCysgBkx0Yef1qSRFsJcxyh3Y7iOhq7t79dRiVY8neNuwckt5VFNxeofsyGiILi5jVmctnPJrsOn2tvMIHkDCeJNgkRipK+Rx1H1qo0vsTa26w3tv8AFOUVij9Ccc48jV1EDG4JU5HBz4Ur5NSRv8fi4v8AQmVp4pCyLlfIGgNRvVa2eC5jUlhjbuzzVjv7wNEWK96Qob9nPGaK07QLG02yLFvl8ZJfibNKFbn2Qvt4rMMPbaLduBKsMzL5qpxV5ZdmruZQ8o7lQerck/cK2BGzrz9alTpg+B/CtCpj9mHkyqstAtLchnXv5Tzvc9PoPClqFhFcq1tcpvjbkHxHqPI1axvkF8nAPTzrPdrtbXR7WJxG0s0udiDzHXJ8BzTshFrpFlcnpn9Xke0zHJL+ttyNzY+dDnafqcYPqKqrW6d4JZJSWeL4YFB4DH7R+lVUd1c3Wpz3l68nezp3JAbgL4YHoankve5JtkiKiMld3i3qax/BkjXK3+Aa1uBJYTwSykwe8b8ftNjaf3U6K2sVcOQTxkZPSgbXakByvwmVyo8smpFuNpGFzjitPAxuO9ljcWkF3ERA+xvMVHb28VogjmndvPnrQMupujDgKookazbz/Aqguo644zUHCSI4WPdFYj7uwKt1yaFRSsm0nj6UF+mWhQmVVA8CKFbXmkDbCAxPw5WkoSDsbq1ojXm0FSWHGDTbDR5ArSQv8Y6ZqW1aKTEsy5nY8tijVlWMfqyQas1pYPiVjW+oIWGd2fWqaZZI7hw4ywPWtetyEcE4K0LcJFco+xQHJ4NSTwMMu9zIoUIMN480y4vWeLbgAnrVy2ivKzPvAJGMUM3Z1y2TJT5RHwbM8fnHIUeOKnEcWPmP41cHs6OpJr39Br5mm7Ih8bA5r6UMAg+H99TJdFG3AHP76EdtrDB8aJd/eLYhSAxGMHxpzz0QfRc6dcB7Yq7AuTnHlREUgR12gEsMHJ61l7C4uYVKOvQYIqysh3ciSST/ABMcKvlWeVYIvhbjULlBDHvmI27POtV2Y7NQaXdJPPIzSqchBjYpP50L2bsTHabjuV5juduhx4CtPbqAqjPI/Grq4qK0A4XK20ixPjuCf1bjqh8AfQ+dFXMEdyqvkCTpnzoQBHULJhgeDmkLK1kVe/hjmVTle8Gdv0zUpLVjJRbi9QFcSrbyDeCDGwLA+VaJHG5P2GGc1SXOmKzEw57lh8cGenquehonS2lW393nzmM7VJ+0v2T/AA+6oVx4MutsViT+y2mH6uvCxCtjqTgVCsmxMHkeAPhmmSTBHAI5HTP5mrm8M6QSMDao6J4+tZ/tlZrexWp4BBf+FSXPaGxtwyxMZpPEIOAfrQFxqcl8VMioiqPhVTWe2xKOIsrX9LTK32jSwwvcKf8ARjfx6VLeaR307XMfKygSAfUZqz1efZpk+D8RTaPqTipLGXvLODzCBcfTisysl7NjjHcMfaWcsluigYxlvuyf5VK2mSAZEecc5q70F4yAXxgQKv373q0eSE52lcVOdkkytKOGQXRGn+F4/rRkPZpIiGx18Kv0dQBgjNQyzypJkMCvjUecpEuMUBDSoFADwqfrQN8lrbygdzGAPyq/lnjEZbI6edZPWZVllbaoZQOcUQ1vsVmZ0OLwn4gi+lBSygFhigpyUA7vK4+zmozdqVPIznzrQkZg1JVZCGOBXkkm3b3IDGgJJd68nFPgYR+uelMC3t9ypvduvhUow44NV8Pekd5L0HSiEl5GWHJ6A8VU0XxZMy+dRlR509jUZNRJmEVz3nJPw84q2fujEsmwKeoreH2FX5Of8orfP/xG/rqUexTVBGsf+Udthen+aN/XW+VTZzuaOYXM8mUVeMnpVl2ZIuu0KRTRblhUvg+JHT99byf2I6lOwLdorYbegWzb+urHs97ILrSL2S6m1iC4ZlAGLdlx/eNNVYHJBNu5VQScnxNGxS8E558as4+x9ynW9iI/sj/Op17K3C/+bi/4Z/nUXXL8JqcSuSXORkVI9y8SKRGXUth8eA86PHZe4BBF3Hx1+A/zqO67JS3G0NdrtB+Xaf50fHL8DnEhhvopWZY5AxXrjpUzz8K+ANpGfUGpoeyxi+WaIfRCKl/QE+1h7zHgjHyGj45fgucSs1SWeKPvbSQLKCAdw3Kwz4jP7sdKyfafVbxbxY7jPdNEp2LwDmt+miXGxN11GWX7QQ4/fVLr/YW51WeOWO/hiKoVO6Itn86Uq5NZg1OP6YJbzgsgwpqysbol13HirSH2X6hGNraxbsM5x3Df1UcPZ9eKgVdTgB8+6b+dZp+PN/Q1ZHd0z+oTR3Gbck7Tgkj6/wDSiLNvd4FjRicADLdTgAfwq2X2dXu/f+lYSf7Fv50TD2FvI3y2oxN/um/nUf8Ams/CxXpvsxVyo04SCIk73Ldflz4D86ZaXZmcKWPJ5Oa19/7Pr25J2arbp9YGP8aEh9mV7E279M2+f7Fuf71WfBN/RF2Q+mUxm2l0BOR0qsm1J0m7sg8nFbV/Z1etgjVYAcf6luf71DS+zG9k5/TFvnwPcN/VRGixfQnav0ytzdv3RCMeOtZ+8uJRIzZI8wa6XF7LtQWTe+sW7Dy7hv6qjuvZRe3G4nV7cE9P83bj+9VipkvofzRa7Zyx7xgQGHBGOahBKBiOefGuln2N6iQQddtSPDNq3H9+mn2NakUx+nrTPn7o39dT+KX4R5x/TnMspKgjHSpLeSRgpHSt8/sV1Jlwdftf+Ub+ujrT2Q3cCKraxbsR4i3Yf/ah1SzoFZExEEaTcSykf7NFpAkfyHp51tx7LbvII1WDI8e4b+qnN7Mr49NWgH+5b+qqnTZ+FyurX2Yd2GKj3jzrcn2X35/9Xt/+A39Vef8AZdf/APu9t/y7f1VH4J/g/nh+nUqVKlXSOeKvKVKgBUqVKkAqVKlTAVA6w7x2EskUjIyYYFT5EcfSlSoAx3vlzFbSW8c8ixNbhtob5S2c48qPb3iOe67q+ukWMM20PkEnA5yM/hXlKgB0ks41SeH3mciKXu1JkOSrd22D+JA9Ki0a7ubm70O4nuJHedJRJk8MMKfu5A6UqVADdS1C9ig3x3Uqs6seG6frCvH3CrvRWmka4je4mYR3JALNk4BYY58OBXlKgRnIZpb3U76CaR8GQAOrEMpYxqSPI44p8BZcyM7OWhkGG+UZ54HTg0qVAxNO63l9BnKwGIxkk5GHcefkAKtdJUR6ihQkD3h49ucgKUD4GenJpUqANMOle0qVACpUqVAHtKlSoAVKlSoAVeYpUqAP/9k=', 10, 'null', 'pasion at work', 3),
(1001, 'jack', 'Protection Training', '\'data:image/jpeg;base64,/9j/4AAQSkZJRgABAQAAAQABAAD/2wCEAAkGBwgHBgkIBwgKCgkLDRYPDQwMDRsUFRAWIB0iIiAdHx8kKDQsJCYxJx8fLT0tMTU3Ojo6Iys/RD84QzQ5OjcBCgoKDQwNGg8PGjclHyU3Nzc3Nzc3Nzc3Nzc3Nzc3Nzc3Nzc3Nzc3Nzc3Nzc3Nzc3Nzc3Nzc3Nzc3Nzc3Nzc3N//AABEIAJQA3gMBIgACEQEDEQH/xAAcAAACAwEBAQEAAAAAAAAAAAAEBQADBgIBBwj/xAA9EAACAQMDAgMFBwIEBQUAAAABAgMABBEFEiExQRNRYQYiMnGRFCNCgaGxwVLRFXLw8SRigrLhFjM0U5L/xAAZAQADAQEBAAAAAAAAAAAAAAACAwQBAAX/xAAmEQADAAICAgICAQUAAAAAAAAAAQIDERIhMUEEIlFxExQyQmGB/9oADAMBAAIRAxEAPwD5xvWMZfB8gK7jmkkOc7V7YoCMFnLOd1GwjsKJofIdHJiiI5d3yoJSFTLd+lXRnoQDg9KS0NGkEwXoTTK1v2QjFJ7ZGfoDTCKIrjOBU96DSNNYaxEjqXd4WHRtm4U5bW7RkDG4GT8QEHDD6isdGm5cDrVqhopo/E5ik4/ymkPQfEc39xpT27n7Ij8gJ4pONxOB0qiz0zSoGeZorko4BWIzYC/QZI+ZpTrcZTSbrYT92AwPyYH+9NdJlgvLRZIX8TAx8ulZpKejtNs6uIbTHiSLPDGvO1ZyePzHH1rq19uLLTdMSLTFluSpIBmbAUep70LrJllljgBwoyzk9No5xXzu2OxVx5fiPQ0eL48ZVukDktz0bH/1trKvK2ZGE2R7zZAz5DsKq0rXL233uoILcHng1nImYMSxY5HJo61LH3SeT09Kdkwyl0jcVM3ej6/qEbL/AMS7dcitrpPtELoolwg5HJFfLtMk6oehBJPl2H71ptNkKKNp3FTtH1NefV3he5Lngx5Z7XZ9PGDjnrUpXo1+LiERuw3gcc9aaV6mLIskqkeJkhxXFkqVKlNAJUPSpUrjjypUxUrjiVKleVxpDXlQ15mgpmo/JEa8UxtLfKGR+EA5ND2kPitycKOteXN8TOsQO2IcYpz23pDl0X//ACrgLH8I45pxa2tvD791IOOirSJJ/BCxwKWmkOABTe0j3yF5iWhj4YD8R8hSciGSN0uIlQCOJ0T+rZ1oiAwykBGDN5UDCkl05lfCx9loxLdTjFR1oekN7a3KkEqMd8V7fW5EDjjKEMKHsbya2mCOviRnsev5HvT6eKO5thLbEFGUq2eoPkaUwtCqeEXNg6EcyREfpQ3stGkMdwgYBoZTG4/IMP3pjGypaF2/ADz6VmfYO9eeXUJJAT40olwe/b9sVs7cN/g5rtGgmV54dTcDJWF0TPng1mbX2R1KZkykcaE8szZwPkK2WrXlqmnuluMPKwU/MmmWnBGtWJn8I42qwGSDimYbcr9muE+2ZlvZGzhj2vMEmIOzfIC2fVcY/Xj1rOrbmPG6MDvX0bTdEVNNd2XY865kBJwBjtnoayElkzynCl+fdVR2o+T9nan0U2XDKBkDHPlTixk2xsj7SN3ujseev60pmS6t2Ae3kiHYOuM0XGl00BuGhZIYxjcRgfl50jJGynHWjWaVqKwSrINzBMHFb63mS4hSaJgyOMg18a0+7beuOhPnzitvoOrS/wCHFk+FX2DnIA8h/rvWfHt4dr0T/MwrJ9l5Nl06kV4rqxwpzWXk1qYnacY9KJsNSjVxlwAx7nvVD+W9rrog/pmls0FSuY3DqNtdVYmn2ifWmSvDUzXhYVnJG6Z7XlcmRR3qprhB3pVZZXsJS2Wk1wWqhrpPMVU95GDyRSKyobOOvwfl+aZYYxHF8yaWzktkjrUaXd1FXaaBLfwq6F13Z2+fevT0pWwd7ZotH0aR1a9mbwkYfEeqr6epot2WVlgt02wr8I8/U1NYu3kEUCNtTjOBwaJsLRVIZSWwO9Q3Tf2ZVErwGInhoq9MCiIccVW45AoiJBjNSUx6RZMn3YbHK815oV7JB7Q3Fs7Zin24+ZUEUUyAwZPTHNIJpvC9oht42Kh488Y/iujvZ1+h17R/8Jpd+2cAowX/AKuB+9I/YmMxpn+snNHe3WprJptvbIMtNhz5hR/5oX2XxDAJX+Fck0xLWF/7MXd/oa6xPHE8CyN7u/OAOpx/H80fpd9aSypLIriNVzgng/OsdrV2z6pDCwOEX7zH9bHJH7CtXpaK0A2425wBRKOMI7lt6NHcak13EYIt8QOA2R8Q8q7srSO1Qtsw3Y+QpbBvSRSwIGRjypwLhXQKSBS2zVJRdrFfoYpT06bTyPlWe1uwkSzO68mlCdnYDj+aCnupLfUrmJTMPe91k5xTbR7S41ovFdQOzK2A7d186FtjktLbfRkEaUxO6nAQ8ntj1Nbz2et3t9DErys3jPuCEYxjjPrXF/7KukrW1ojxWzMvjOQMbVOR6nn+KbbQVjhQYjjG1QT2rU+RPmyTx6YK7ZrhLdpiMZyDTEWykdKtiiVO1GoT8k38jC9LvJLaJYrgHA6EeVMG1SHoWxSpmGKWTT4c80zTlaQG03tja71txIBEBtHel157TSwoSIxn1NLZLnkmgL9jImMdqS4bGJyvR1ce2l7khFUflSu69qdVk5WYrjsBigpbYhjQsxAHNMnGgnk14GA9qb8D7yViaqk9p5s+9M31pTIFwTmk11LiTAps4ZYt5mjL57itToGn/ZIftEy4mkXgH8I/uaF0nTIzIJXwyKfqadySdafmyb+qMiPYHfZMJb+g000eUtAPe6UsjVpnmjz8SE/nV2hzqLeRXO1k60i1uB0vTHoYcE0WrogOT0FKoZ0lQFHBxVsl1HAXkmOI/CJNSuHvQ/fQ4tLiG4hljilVmUZwKy8EscmrXV1MwCCQjPoOP4rzRr6KB7m4chC6N4adzwcCqIYG2AEEL1wf5pkxw3sFvfgF1W7N7eSzvnbwsYHZR0FaC2aKw0T7TMRsGG2Z+Nuw+tILyBogJTG5QHPCnHHr9K0smjpcw2yanJ4Fqi8RscMzHufQf3pmRy5X4Onqnsz4s7y/tZNSjAkIbe56EsT+HzrRaVfStDG0ZEuR+E8j51WLmJRFaWLMLaBvdOPibjLY/b0+dUOf8J1XcikWU/vIB0BHVenbP6iu5clpipuXT0a+01S1uWEbYWQjntmjJ9QFpC0iwExjq7cL9ayss32+732kTiQjkxIWx9OlN9M0+O4mU6lf+IcB1tFYn5F/7UhpeyjejSaVZwXFqt0JIZfEG4SIPdI9Kc28EavlJwvZQq4x6ULFJ4duWGWIHAFL7G8lVfv2ZmYZCcYFc7S0IpVk2P7jT5HUlJd58m60lkDQSFZUKt5MMUdY6vGk3hbhz+EmmjraXpHixhj50xtWuiaoqX2Z1btMcVYJ1PevNW0SW1ElxbkGBfe2/iApILogcUD5T5B2O3kH9VKNTkVVytCS3zAmhp7jxEIJrtnbB/tmGOak92oTO6hZAuTzQF22VK5zRI5sva/jZtuRmhdRwqbhSwqySZFd3UxkixmnJA8wWSZmztNA3Eb8MatwVbNczzKQAe1USLbCUdYIljRcKoxUB8Tv+tA7z5Gr7YkdaW1otTD7ZAsoORjGDQyoLbUJFb4LgZGfPPNHWqqT61zfWrTxkRqTNGfETAznHUfT9qSq0+xnHaFmmTlLhowx+IjFW3F1NqsqwQwPsXjC9Wqq6ubX7YFhhBZDtmYPgF++B/rvWr0e+02W1Fld2BjTORNbtsf8+zfI0ytL7aOUtr6iu200W4DzuN/kOSKJ8SOI/dxbm7NLzj5AfzmtANAjuF32F2t0vXaBtkX5r/aqV0Fm55pDa9k15si+rWhD707KZJGYGVSVzwduXwR/0gUTbQ4dmkKsXyNz9ztbrTWLSyupR2gGfuGkb8yoH7NRg0theR26gnMLu3/Lyqj/ALm+lbyXQHIy8UBimOQQM+7zkY9D3ptb+E6lJoUlibBZH6HHf0PrTUeznvcA1VFNp+nak1k1vLcXSoGIIwiA9M9z8v3rnU0ZKbrou0u1YQgRj7PYKw37eDIR0A5yT+1NoxBFqs0kcQRrgh3OOhwB1/KqoxNdPv3Ozr/y42+mPKjrW2aWNvFGD+LzzUtU29IvmePl9jIHamBjpk0njK+LLPg7WOFz5VyomeaSNSzRxrnPn6UJJdJsKDgrxjyoLvYzHDLkRWmkc454GOtOdL1FZ7rwYwRs+LLdflWetre7unVYkYK5wXPG0c8jzrTaTYLZopICsfiX1/1zRY1WwczlLTNFGQ4welfPtaQR6hOihgFbHvda3FvKDIMHjOKRazYBr6RsfEc9KrzPco85oxc5PkaElZiDgH6Vq5NMU9qqbTV9KmWRHaMc4l54P0oRopS3INbZ9NX0+lUtp6AHgfSi/nR2jFTRPj4KDkhkx8NbS4sEHPH0oCa2iweKZPyEC5MVPvBI20BIJC1ay4s4wxOKXyW8e7pVUZ0A5Flve25wZSFU9zR8d5pzADx4/rWXEckuA0cSAfier4ktEG0KZD32pxTrxL8lU2zTPfWsCbknR89Ap5od9Xe2liudkiW6nLSlDz5AHp5UDa20DnHhBFPbABNaeylaIKsR27V2gL0A8qnpTDHLdGCglZZmlONrnLEefpW20crc6fI4IMiDcoHfAo9dOtbqUs9lZux6s0K5PzNNrCwtrUAw2Vkh9IqzLnm1rQzDFR7M/wCzHtAF1OJozwGBz5ivqLJEWV4wCki71+RrNWen6ZBIJE06wST+v7KmR8iRT2LUCFCK6KAMDaijA9OOKmyca8GZoeRd+Qe2gI9or6eZdsX2WCJCe/vOxx/+hTCCCM6hLeEyNuhSILgYG1mJP57v0qmJoyDls5OSSetFI0YXCsPrRLQn+FIMjjjlBxlcdS44FB6npVvdos9qVa6QbVdhgbfL9qGurxVRo7ppBCOrB8YozR5457UGJ96qSufka7pPox43PYh+261bxTW1pp+Zk4zLIAD6jHWrdAuNYBnl1mMISPdVRj/etLIxhUHeRlicA48qN09FkhMrMWPzoVTb4o53O/AntkkFlJJInvkFiqDknsBWcTTPaS5uvtLafYxrwVjeQkj/ADY6mtyVYksFH0rnxtvxqVHnTFC12dOZy+hBM/tJbti3s7a4iOCBu2svoe1AXWre0Mb5e1jgVVJbfEz5PXAxWrOoWqkJ4oz869eWGcEFQ4Pbrmt+q8BzmX+UCT2c1W91CNmmigBRgGEchypIztIIHP8A4p/qJ8S2SRgQw4PFDiOIdYQCwwwI/mh9UElvbK8UrtATjDH4TSqbSYvK03tIHkNDyOBQxnJ6mhprrnGKjdCWwp5vWhZZxjrVLszDODQVyzAcA1i7OPbubIJzSuZ8g1ZcF9uAKAeU4ORTok4ouH4JNKpZBuoq/m93Cik0kjbulXY56ApmbRx0YmT50fBIwXDy+GvknWqLexW43lJGRgfLIq06XcxqXj2yBRkncFIHnz/evRpo2bGVvKiKCqkE8KCefmabWt0qLuZuB3rHLdsACWya6N/KwxngfrSaw8mPWXR9AttUjjUe8M0SNZT/AOyvm4vZj3oyxkeeeJXOVaRVI+ZFKr4uuxi+SfRE1mEf+5IMfOrP8ZtpWVYJwG+dCe1lvbWulNdWVqkHgSgsIVAJXOOfPkitPbLZX1pbSvZQjfCjtG0akAlQTUVcVHI3+qWgGC/495vzFdvqjD3VLfmBR1x7P2Ey5j8S2PX7puPoePpig19m03Ye+lZM9BGoP1oOUhL5EPyD5v8AVpltEb7luGYruGPWtVoWnSaRapC0m9JSzqQMYquCW3s7dYIE2xp5U1kJa2sXIwCH7/Kumtg1n5vSLLmPx4VxwVcfQ/6FFKy2ifZrcbiBlnPehre5WFsFd27HFXZ3MWJ5NMld8hVJbOhOQPewK8J8QZ3ChpuhNAi9ML7cHJonf5NUh8luhO7aufPFCzKqfDkH58V39tUpjnND3DIx689qB6DWwdJLiOZjDMzZPvKScHP7UzGoFofDmhDK3ush70sK5+HJJ4FHWsTbcSDK+vWhWwnxfkpurKEJ41vzEfqp8jS57ePPamrTx2c5QEbG6g89aHuYIZlJt2ET44B+Bv7Um8e+0JrH7QvYooxQk5Qg4Aqie4eIlZlKODgqw6Gg5L9QDyKWoYvaRZIBgk0oujGue1c3uqc7V5BpbdXRePpzVOPHRjZzcyRkDml8hjzXsqHYDml8khDYzmrpkWwPSGzNIB/Tn9aM1SZ7exCKGXxzksW+JR2x5Ut0d9t0ByAw6gZwBVWq3C3N0zJnao2r1HHnzVjnd7B0Bg5qV4D2roYprNO0rQezlo9xqFuAuY1YSSN2CjmktrF4jL72CTgDvmtxaw/YbKK3UgMq/eMv4m6n6E4/Kp898Z0EjRXii+s7iFsfeKwGTxk9P1xV3srqKz6HbPKds0RaCQeqnj9CPpSaxMxYMpOB3qaQ+J9XsowC6SrNjGOD/uK85TvHU/8ATE+zZDUULbQeasErt0NIbS1c/eEnOc04ikWFRvIqJ6QzQTGu8ncKeXUynSbdhgGJsEDtn/akEVyh95cYouG5V7e8Q8qId/5hh/ejmgo6oZQkMQ3bFWNcohxnmkI1VIYQAaXz67uYiPlu2Kdy0O47NPPdheuD6UBJNHIxIHI8qRqLu7A911U9WzzR8Fj4KYBPrls1jewkkg+NxnKrRKqH428iqLYpGuWbpVz6jbwxlxzRJL2C6/BfHbFAD0zUurgW8bFz0pTPr7EfdRnjzpJdahLP4jyyc/09q10l0jVFN9h0lwodpJW3EndgntXMWtpgbQCAeM9+aQXEjEHYxye9AkNGQfE5AwM9qFTsa0kbW4vbHVLfw7kbXVcxTKOY8+fmPSsXrEFzpziOcDDfCynKkehrhL2XZtR8EDHypjFqkOo2qwXyh42GM9GRh1IP8Vqhy9iqxqvHkzjyqMb25qq7Y7Bs8qo12yl0642sxZW5jcdGXzoD7diPDHtirJjaTRFTaemXzS4Q7ic1QjKowevrVbTb1O3BNAySSs5zxT5x7B2d2oEFhJcZXPRQTySfKlbEk89aInbcUTtGuPz70M3BqmV7OJ3roVwKthUu6qvUkCtZw60CKMxPOy/eBwEyeMAcn64rRQSFkO4UmgAiVUQe6owKYW0+F2t3qHKuTCHFlexxLjNVw3Ij9qfFjIAns2yD+Irk/sopO0eZsxngdaX6vqL2l7ZyxIviQhiGP4s8EfTP1oMeLv8AZ2z6H/iqq+1uPKqp9RJ4ckA9KysN+JoYpzwSobHlTK2nS7jJkOSOlT18dSamObfUyEKDmjrG/USYm3bHBR9vXBpBGx4VVHFWTTBYwjAh8+6QaVwXoKXpmjj9nNQuGIi1OyNkMkz878f5fOi9Ih0W3ljRopZnzgyyuPrgVkYbyfmMEj86sE8okUbsvng1lSxrzM3Gs2kunNutWZonG5VY8fKk6au6q6yrsPQZ7nvVtnrzX0I064iCugLJNu6t5YpNqbCRt7cMo5HrRT9ujeWxyb4KVV+h71VPc7/iYDnoKQnUM4yRxXh1FZHAJx5UfBhqkH3E+M5OAe9CTYKZU8kdqpublSDnnjil0l5hSM1qxm8wprnwR735+nFAXF1lyV6V5LcKxyeaCl5FNmDHRelzhlfyGDXC3DRSEZ4BB5oThTnyAqmWQNz3zxTeAHIeXYOqWZtQwEoG+HPTd3H51jp4pVcrjleGXyNO45ZEjWT+lgcjrVeqIGkS7Q+7LwfRu9Hi+j16F5UmtryJoTIuVYdelW+83IFdyBcZz8hVG5snFUCAWZisJI6k80N1GalSmHHo60x0hFa43MOVHFe1KGvBw2bg8USnEee9SpUjCLLVjv8AmKU+06jbbvjncR+lSpXY/wC9GMN0JVbTYSRk+8P1NF2xInIBwKlShyezRvHIyqMULJM/jqM9alSpEaWROwfOe9cXMr+IGBwc1KlcczgXU3j43mmVxNI9nbysxLuPe9ea8qUSXaDjwxS8jAkZ716jneKlSn+gkW3LsSOaCujlAalSuRyBfEbzrqZjsFSpTF5NKD8APnmoyjwwa9qUZh6pPhle2K6h97TZ1bkAKw9DUqVjOE8rHfjtVA4dsVKlUInP/9k=\'', 3, 'null', 'null', 2),
(1002, 'Jimmy', 'beginner', 'https://encrypted-tbn0.gstatic.com/images?q=tbn:ANd9GcSYCzTme3kdeJBpxihrGstAO4if1Wvr3nBzC8368l7tPDaOhVD1z84gcpZNDg&s', 1, 'null', 'handled all type of cats.', 2),
(1003, 'luck', 'Best aggressive mannager', 'data:image/jpeg;base64,/9j/4AAQSkZJRgABAQAAAQABAAD/2wCEAAkGBwgHBgkIBwgKCgkLDRYPDQwMDRsUFRAWIB0iIiAdHx8kKDQsJCYxJx8fLT0tMTU3Ojo6Iys/RD84QzQ5OjcBCgoKDQwNGg8PGjclHyU3Nzc3Nzc3Nzc3Nzc3Nzc3Nzc3Nzc3Nzc3Nzc3Nzc3Nzc3Nzc3Nzc3Nzc3Nzc3Nzc3N//AABEIAJQAlAMBIgACEQEDEQH/xAAcAAABBQEBAQAAAAAAAAAAAAADAAIEBQYBBwj/xAA9EAACAQMCAwUGBQMDAgcAAAABAgMABBESIQUxQQYTIlFhFDJxgZGhQrHB0fAHI+EVJFJiciUzNENTgvH/xAAaAQACAwEBAAAAAAAAAAAAAAABAgADBAUG/8QAJREAAgICAgIDAAIDAAAAAAAAAAECEQMSITEEQRMiUXGxIzJh/9oADAMBAAIRAxEAPwCWokVgrsM9dsHHWnFimExjw5O+f5tTQ2TgEgZGx8qWrxk5Y9N+lectFHI4TIFLZOocsLRI5lwRzHNtqGpGBvqwdyBzrmMENpJ33AHOpYQ4YBEKJuOm370K4uO6gkmk8IUFtiOQFDXfOnPoM9c1XcdaSW2uYo0LMy+FRucfKngtpDQWzoxlzcz8X4k00mr+4+y5yAPIelW3EeCzvaRyw2jxhl1IXBw/wNaT+lfArPiVu3EL2HvCshEanltz2r1edIWgSP2dCqjCgqMCuwnxSNyjR4d2S4m8M7cMutx/7Q56T5CtijIrDUGyQBWd/qVw5LHiFnxGwhW1kEwBCDSp3znar3CyRK+rUCurJ8v2rneTFbbL2Zs2PVheakZT15cqZnbYbn8R8/Ku934BzBPrjNd7osQgYj4nmKzFNMFJHGx0mQkZ6chQ2RDjSp0k45bVL04QKFy/PGOe+KEysRjC7+R5moQA0MbtgImBvkDma5pQtgxqvhGMHfb+Cj4KKRh9tthzpw0gDUuCdun2oE5I3cBwqI2MbZbqT8+VNa0vCTsuMnDE71JUhQQiZ+9I3GoENq2xkVE6JsUr8PuixLXJQ55AClV5LIrkbOMDzpU+7DsRnhYDCyAtjOCPShlXzoyWxzGNqleJlbUSNHPSP1pKjtsoRRnmy7nz3pKJVkUsyqrBWO3TOAc13WRuFZM7AEb4qUEIc6/cGGwWxz5cq5LFqQyP41J5dT5daNEcGNjKKpDKo26HenW1vbzz6LpisbgBifwjz+uKCIPDqV2ATfOeQ+NQeKS3fdiPhhE11dP3UIJ65xnP61dhxynL6jQbi1RsuzNjNZ9nUteDPB3kJYBpFLDGTjHLP2ovc9qF4VcNd3Vkl5nEOlMLuebeX3rPW0HaDs9wmx4d7aj3jqRJIzEgtrOcMRzAIqTx/tJxDhtt7PHaAKwwWnwWUjqCCQ2eYO3rXRXVHQV9kLj3Z/ig4TF/rfEvbZ3mUhEVVVPMj5UJUKx6RqxjqMdBtULhV9PePK99cSMieFIjIWCMeZ8/L6mrkDONJOQdlB61g8iVyoyeQ1J0RwJFz3bgsNvjXRI6jS6EuTnIorB9OSVPPGnlQWtlA1ud8k5D4wcVmszUOa50k60IXOM5o4uI8qQANthgCohiYSlBqDaQxB3/ADrpQk4kTxZOkHqalgtkn2gFwqurYH/LlXWuAyEgeu21RJIxktHJpXkMcm+nyoXdFTkvkHYn09KlsOzJayRM2kxeEn8Q3+383ojIjDJXAyeuPrUWLVkg5fbYkj600TSKwBw+PexUsN/odrEysWWWQDkAoGKVcF2B72fTxY2pUbRPqMYMufCzP7oxufl5U1JZRgSeIDkCuTnyxT4P7jqseXXPnjPn8qLNBGr4l8Kpndccv1zmiTkjPIBkke6cMeo9Mmqu97QxCIiyXURkCVuR+A607j91HZW+iP8A85xggHboax0l1lijnBPlXU8HxYyXyZEFNlhdcTuJ10vKxHMLyGfOrq2uvYm4Jd81gSOQgf8AeSf1rIyE6c9afccdvYrWC3S0gkSBCiuWOSMk8vnXWaio1Qy4dntvHZba9tWi73xZ1wyId1boax/Fu2KrYSW97wq1eZUKGVjscdfP1503sTx+x4/weHhF23s3GVyoDDAkTVtpJ5kLjbntnlQv6icA4PwS1hlu+IA6x/6UH+5MQfwjy6Enl51z1ialqbHlWto8zt728tp5p47mSKfVq1KcEn1+RrZdm+00nEV0X4jjdcATLtqPkR+tYa5nkv8AiDvGgh747Rg5A2A5/Kp/Dg9pbyNIN3fCj9avn4+PIqZjfPJ6riVR+Ft8agOVdjcBCCC7DnpPTFVPZfiSX3DCknilhwrEtgkdD+f0q8VNWMYDA8yf1rg5MThNxYKAvMCcBmD8hqGdvjXVXwoG0uNWSSSMY/aptrww3T90bnu206sMc7ZqZ/oDHJRkkj1ZyVxn1pNWWrBkfNFLJksVkIIwdwu3Khqy+90JyBirqbgpTAaYRZXCjTnPmTVZLbSRkgMHYY26nzoNMSeHJHloZkxrqcghs745HqPjyrjxSyadBAhA1EcudESSW3UjGSTk78uYP6VxbwBtLIGGMEE70BVXsiSKUbDtGD5a6VS2kkY5txGqeTNilU1Jov0cxiaPTlgWU5LAD6fvTNJO+NXQA+6T+vKkZ5CxZUEmBg6dh5CuQ65HKtIrNz0qoOcb4257Z2q1LZ1+huzGdpbrvL9zgAINCY645nH2rKzS+OQsce7+dXXFopI5mE2zDB55B9QeoNZi5lZpyqLqY4UD1zmvSKKxxUURF7G2QM9ac0YIqPD4PDr1kAZOMb1MTBWrQEQr3UiTKSJYnDxsOaMNwftVtxhG7TcXN6q97M8KZLnZdslR8yfpUCQYNdhZgcqxB8wcUNUTkm2PBGsZpIpYGHex4ywLbZG2R7vxql4u7QMsa+8HIGDnzqdNNJjxSv8AEsagcQsL2O5tJ5oXSBxmNzjB/bmDS5JRjwGMXZe9ip1t+Jd3IdKSr3YOM7jH65r0W0mRxplGrUc5PU+Qrzns9HCby2VXZpAw0pEpwvqSa2F0k9rHGIomeZpDgAda43nKKypovwQlum1wXHtRtJ+9Fu0ilcFVO+BkjP2qw7P8bu7oul7YvZpGdQBOQykbAHrVCb1oJ0VlLERhZFI3Gc8/oalcS4xLYdnp722hEjQssSE/hU8zjr5Vlgm5a+zo5GkrDcf4rfxXhMFol3ahBqlaXT3e/QdTTLaY3GJZV0sQSRndT/8AtZ3h/aduLcP4hcNC3dWugpIVA1E5yCBttjNT+GztdWkE+2XjUnI69fzpsuNwdMrlkg8bZMk3ONAwfTrTnUPgBUCavFqA5YocjxqQUGkk7rryM8tv4a4+Csj7YUgZ+I/xWc5V8nfajGTmJstuTnGaVBzHzfOT0A5V2lsbZDlieR5VjkywXJUbbEdenLIq77MWEbFpGAZ4xgH4j9qz0bOVZcEMCCDqzkVpuxtwrCVDpyccqux1sPgX3RjO3nDu64utvbsv+7ORE4BCtzJAPpv9a8wlt1j45cRKSUt5XUE9dJx+dfQfbDh8I7q/eFGkiYYYjcAnB+2a8Mks9F/eT6gwllYrtyBYmuv4zlKVN9FvkJJ8A8qDqz4qkwzDTg1HmiOMMMrQgNLqkYwOZrodGaidJJkhennTRKFbHSme9j0oMpOMdajZC27P8NPGuJh5lb2KBvHgbM3kfTzrYcWtf9RsZbdxhjgp/wBDAYG/lzzVf2Vmjs+zMM0692cyPtz947keu30FXti89zCJLkIS4zsMDfzzzrz/AJOaUst/hdiwzySuPoJ2P4La2tmJVP8AuXALE7/KrHjqJw6EXKKMFwHyfcJIyfpVbwu2lW8ykjgMdTgNgEZ8vlR+1dnfz2qXR70WgOJe659fER5A1RG5M6r+vbIlvEJeJcYhtcrLNIlxExOfwjf4dKore74rf3l1wO1WF5ZVLxRzuVDeajzOxx54rRcKdlis7ruv9zEAkmBu0Z9PoagdslhPEobu2ePBXBAGCMZ6/MfSrcMtZ/Yry1KPBnOLJxfs9awWHFlto5J9UhihbxKuQBqHTO+Pga1/DUjjsoACAyqCSRsSV3+2BWR9il4zdwqrGSQEs7FySR6k861zIypGYAp0LnmcKfjU8lpytHOzOopILM4EWA6hjnbH0+FDjZvECBhhgqGznfP500QlVMojj1JghdtJB6f5p6ZQuDEFdWJ8LcsdAPLfzrNRl7fJzIXYhSeupd6VcmKh87+LfalQoJ1Wcx6dAUAnp51J4LO1pxLXLIcMdLYXr5n4VHwodyHGrbOdwRy2xXIboMUkVNhkKA2ADTrhjwers2naWM3HAbkqCSsZOPhXgcEnfx94eRY/Lc1732euhecPVJSjsBofByK8Z7T8DuOz3HrqyRVNtI5mtmY80Y8vkdvpXY8OS7NWdbRTRWMARQTHvkc6kBmHvRj/AOu9MkJxkA55DArpmQi6tLletR76aNfDHhpSPko86LOBb6o4QZrp+fp6mhC1W3T/AHDEsxBmYbn0UfGq5DGn4dfNxS34VwuzORIn99AMkBdgPqPpXoHCraVba5huMF4owcf8TnH6V5/2Fnaz4095OiIvdgKo/CN9vyNejxXaieS4wNEo0sB1Fef8iCU3E6nirXHwEtOGH2WJtemcZKsOm5qwv72c8OhtUVFaRu7YsfTGw+dVcHGEt4pLueNlOMqp35eXpR+BreXd7HxXiaxpHIuIIcZO+4J/TFTHFxVvgXJNSlquSPecPnsLWKOxhjum0nvXBIdTnzz15Vn+LW9k1mwuIrm2m5qnvAN8fKt1fQrAZWVmxLy0jJUjequ+vre5sJVvLSUZGjxD71FLnkNNrgx3Zq2RY3mhyG1aSynJA+VXbwMiEDG7Hc9dum+ag8MsjGriPwrI48PIlf5mrSa2eBo5EKldfjTOSfQ49NvlVeR/Z0c7J/swCzW4RiJC0xx4VGAB8fLpRdVu0gaHSC3iDkkEbZxz9KGzWxHePHhUxpKnOT8P1oIbTA7xOzgjOhwP3/xtSFdHX0d6+qyW48XvjUflSosDTW8CZMchkBctnG+SOXTlSock1GBo9PcLbmMRAhgSWBPLNQ0ikhOqPJB3UEsrA49ef89KlSl2LyQNI2fCCo8OMeg+/wAaGYe7jjVyG04BB3xnninaIXXYma+uOKcU7u37vhyERJI5GoyczsOY35/CidoLY8Xm4gDK8UPDoizOApYsQeWeXL7VG4D2n4bweI2F7MLZvE4d8lX1EnP+PTasvxrtcnELe/t+HW5iXiAAurhsgyAf8BnK5BPOunjjslqjoYcixw2voppOCTXpNzbXIiRt0DA+IeeMY3qDLwXjELlRJ3gHMx6SaA7ywspgkdNPLScYox4meJEW9+W707R3SjSVb/qIxkVqvJjXYq+HPkvlX/f/ADj+SG3DOLR57m3kGeYWEkt89qHDwm9WbvLyOZZei92c/IcqC3FZrWV4Zppw0ZKkBjkH61Ki4/cOmBeXIUeZbanUpspksV1yizt7C9iKSyqtnEviLTvp+vU1ruGXsNzYNJazJIkXgdwCRqAB8I+fWvOZri3uR/dn1k9Wya3P9OvZxwa5tYz3srTtIyqM42AH2FYvLTS3fZpwzg3rFNINYyniF3DBK5EZbXOjc2C4wPhmt/NfRWNsrXA8WQB1IHpVJ2d9nN5eJcwoyuFjEoG4YZyK52yupIIo7SBQ8j7KT+ADqD9Kw3+lkkl0TbrtFbxMpMR0sdgeeKzHbTtBHbW3sqOslw+lyp3Ub8vXaqC4a5VlkVjI7HBk54rJ392899JJK5zrwCfQ7VZjjb5MuabiuC5ftJxCZQvegZ2Ud0DpA9edTLTtLxFrgCRVupM5GMBuvl86yjOyqseoYG+9bPsjwt8rxCYgM2rQOZ57H4c6bLGMY3Rjs0a3krQgZKrIhLRldunp/nejezhmJJbPhOEPIaRnOdqUhEMWvQJMo3hJwByAB+GKckoJUQqkTE756Lj9x8PtWGw0Ea4uHdjGiOvIF5Bnl/212gSSurYdxy21b7fIilT7INMAI0MJLKC7DO7e6MD0x/OVBillLsAVByWHqepHrv8AnT1tzqJaSPTjTqwwzvsV2yf8U62jR3c6RgA6A3PUfudqlWAzHafhs0UiXeoSIww4xjDZ2+XP51TxyEMFJGfQVtOLWb39tPbysVMyaVcnBVua/DlisGjG2bu5FbKeEkDy+ddfw8lw1foJLlQEbmqu/wC7izqIzzG9TGuFK7feqW+ny/4SRyJXJH3rXKQV2FZxLxMmVNM8ig6wceLHlU3Q23eoH8mUYIqmEhQwTE50vuT6/wANaGPGMqc586WFUGTttsdbn/43J8was+H3s3DbgXFo/duRhiBzFVwx5fSiM3hPrtTSipKmiJtO0em9mr+xuUElnqcEh5WdsnWc5z65/Kqj+p3FZbAWUkXha4JUnHTqB9qrewXEzNZmFrbQYJMiRRgMC22fWj/1fXv7LhBjOoq8igeWwrj6pZa9G3Z/HsWnYPhUfEbSTiPEJDLKMgK404GNthXl15D/AOKXEQUHEzjbf8Rr1bsGOIRcHns3jC6FGXQcyc7VU8N4EtpNcNcQR+0CeQl/xFSSRnJ+AyPvS/KotsozcwTRQ2PZSR3LXbqhBA0EZyMenLpWqt4o4ogkGhYVTGktg9QAOp+W9HLAK3ekiRjjYZBPw/nSgsxKK2Bp1ErqHi+P35fGs08kpvkxnVfK+EnAIOB15+dFhiaYaWfuZFXYO2MZG+aZC8iIkgKB16cxUUzyBjp0vIpyxK6SB1yedKkFUHlm7l9IDSKQCrIjEEEUqdEbWSNWn9pVj0ibAAz8OdKm4G4Ga0do/EfGPdIB5cqIk0ccitKirH+Ntzjf3sfzFR7iWR5A4jTlqIUAZHMAAc/Wksk0aya0jVX2K4yVOBz+efvRthb/AA4zyEuigZKmPfnjfPz351QcW7PScSPtMKJHKQPF0YfD9a0eju4HjhZJRuzyJzwOfrjPP4UM+zkK7Fj/AGwFK7qp/XrmmhKUJXEVdnlN3JJDI0TIyspwar5GLHc1s+2fBnSeW4t4ZGXAY6FJ58+X51i2Vs8iK7MJbRTHDL4rVh6avoauODOTYx5OcZAz5dKq7bu+4bW2CEYBce9mrXg66bVAduec9afH2SXZYLTm3U10xMm+a6o33q0BadiFlS/uost3euMqoO2WOfP0rV9trKYf6MjLoAvA5YDJBAY/pVB/T0q/au2tWVSHbJz00Lq/nxr1ftFBDxOzZVUq8B7wFxgHHPfp1rkZ4VkbNUJPRozHA72S1uEiO8RbLbg5yccxWk4ze8Hks3jDxtIQSjIu6NvyNYpxPAhaMDOvI6H5en70+aRtKI+pX0hiFznbr+dZVOSVFG7qgTtq1RqAQR4GBwW8yfL/ADQ5B3rrH3h1LzDHYrv/AD606NeZDBVbY/hOAPX5UKKFluBpDaQRsNyfFnb0PSqiloKYMJocABc76jilGkSO3dqSFOklU577Hf4DejOksbyJIUbbSBjA688/DlTHP9nU7hmDEAsQdO3I45YzRQUhR8Sls1MOmMYJ5sF/OlUiAyCFS0oyRnJQEn15UqbgmrKMs6uJFkYFToGPLP8Aip0sSxo7R5XRlQBywNP7mu0qgYkq0tlAZleRSo20tjB8Iz9K7PGjxA6QGwoJHXPU9OtKlR9DMo7pe7mNuCTGEAGfhWX49bQag7Qox3G43+vOlSrqYH/iRCTwXs9w57aOeSIyNnOGbI91Ty+dSO00EcSWxjXTpUooHJQCcYrtKqcUm8/ZF0VQlfWd+Wwpxc4rtKuoQs+w+V48twrFZY1JVhzBOB+VepRcTurq1SKVxiWEo5UYJFcpVyPJb+ZlkXwZzJS5dRyGkj0JIqVcKHQv7pCDGkY9f1xSpVkfsrfYMQRPEjtGu4bI6c/81HYmOBZVPidyDsPM0qVIgJcnbh3Ng0uttQYKcnOckbnPWgI5yjHcNpypJ0/Su0qZA9kyMhC6IiKqtgAIB0FKlSo2Kf/Z', 4, 'https://www.pinterest.co.uk/pin/dog-training-certificate-printable-certificate--565272190702009326/', 'handled different aggressive dogs.', 1);

-- --------------------------------------------------------

--
-- Table structure for table `user`
--

CREATE TABLE `user` (
  `user_id` int NOT NULL,
  `user_name` varchar(100) NOT NULL,
  `user_email` varchar(100) CHARACTER SET utf8mb4 COLLATE utf8mb4_0900_ai_ci NOT NULL,
  `user_password` varchar(100) CHARACTER SET utf8mb4 COLLATE utf8mb4_0900_ai_ci NOT NULL,
  `user_type` varchar(100) NOT NULL
) ENGINE=InnoDB DEFAULT CHARSET=utf8mb4 COLLATE=utf8mb4_0900_ai_ci;

--
-- Dumping data for table `user`
--

INSERT INTO `user` (`user_id`, `user_name`, `user_email`, `user_password`, `user_type`) VALUES
(1, 'David', 'david@gmail.com', 'David@123', 'pet owner'),
(2, 'elsa', 'elsa@gmail.com', 'Elsa@123', 'pet owner'),
(3, 'ambly', 'ambly@gmail.com', 'Ambly@123', 'pet owner'),
(4, 'Ram', 'ram@gmail.com', 'Ram@123', 'petowner');

--
-- Indexes for dumped tables
--

--
-- Indexes for table `appointment`
--
ALTER TABLE `appointment`
  ADD PRIMARY KEY (`appointment_id`),
  ADD KEY `user_id` (`user_id`),
  ADD KEY `trainer_id` (`trainer_id`);

--
-- Indexes for table `enquiry`
--
ALTER TABLE `enquiry`
  ADD PRIMARY KEY (`enquiry_id`),
  ADD KEY `fk_constraint_name` (`user_id`);

--
-- Indexes for table `review`
--
ALTER TABLE `review`
  ADD PRIMARY KEY (`review_id`),
  ADD KEY `user_id` (`user_id`),
  ADD KEY `trainer_id` (`trainer_id`);

--
-- Indexes for table `trainer`
--
ALTER TABLE `trainer`
  ADD PRIMARY KEY (`trainer_id`),
  ADD KEY `user_id` (`user_id`);

--
-- Indexes for table `user`
--
ALTER TABLE `user`
  ADD PRIMARY KEY (`user_id`),
  ADD UNIQUE KEY `email` (`user_email`);

--
-- AUTO_INCREMENT for dumped tables
--

--
-- AUTO_INCREMENT for table `appointment`
--
ALTER TABLE `appointment`
  MODIFY `appointment_id` int NOT NULL AUTO_INCREMENT, AUTO_INCREMENT=100005;

--
-- AUTO_INCREMENT for table `enquiry`
--
ALTER TABLE `enquiry`
  MODIFY `enquiry_id` int NOT NULL AUTO_INCREMENT, AUTO_INCREMENT=700004;

--
-- AUTO_INCREMENT for table `review`
--
ALTER TABLE `review`
  MODIFY `review_id` int NOT NULL AUTO_INCREMENT, AUTO_INCREMENT=200004;

--
-- AUTO_INCREMENT for table `trainer`
--
ALTER TABLE `trainer`
  MODIFY `trainer_id` int NOT NULL AUTO_INCREMENT, AUTO_INCREMENT=10001;

--
-- AUTO_INCREMENT for table `user`
--
ALTER TABLE `user`
  MODIFY `user_id` int NOT NULL AUTO_INCREMENT, AUTO_INCREMENT=5;

--
-- Constraints for dumped tables
--

--
-- Constraints for table `appointment`
--
ALTER TABLE `appointment`
  ADD CONSTRAINT `appointment_ibfk_1` FOREIGN KEY (`user_id`) REFERENCES `user` (`user_id`),
  ADD CONSTRAINT `appointment_ibfk_2` FOREIGN KEY (`trainer_id`) REFERENCES `trainer` (`trainer_id`);

--
-- Constraints for table `enquiry`
--
ALTER TABLE `enquiry`
  ADD CONSTRAINT `fk_constraint_name` FOREIGN KEY (`user_id`) REFERENCES `user` (`user_id`);

--
-- Constraints for table `review`
--
ALTER TABLE `review`
  ADD CONSTRAINT `review_ibfk_1` FOREIGN KEY (`user_id`) REFERENCES `user` (`user_id`),
  ADD CONSTRAINT `review_ibfk_2` FOREIGN KEY (`trainer_id`) REFERENCES `trainer` (`trainer_id`);

--
-- Constraints for table `trainer`
--
ALTER TABLE `trainer`
  ADD CONSTRAINT `trainer_ibfk_1` FOREIGN KEY (`user_id`) REFERENCES `user` (`user_id`);
COMMIT;

/*!40101 SET CHARACTER_SET_CLIENT=@OLD_CHARACTER_SET_CLIENT */;
/*!40101 SET CHARACTER_SET_RESULTS=@OLD_CHARACTER_SET_RESULTS */;
/*!40101 SET COLLATION_CONNECTION=@OLD_COLLATION_CONNECTION */;
